query_id,query,slot,auto_value,VERIFY_keep(1/0),VERIFY_correction
0,salon chair,style,chair,,
0,salon chair,product_type,chair,,
1,smart coffee table,color,coffee,,
1,smart coffee table,product_type,smart coffee table,,
3,turquoise pillows,color,turquoise,,
3,turquoise pillows,product_type,pillow,,
4,chair and a half recliner,style,chair,,
4,chair and a half recliner,product_type,chair recliner,,
5,sofa with ottoman,product_type,sofa ottoman,,
6,acrylic clear chair,color,acrylic,,
6,acrylic clear chair,material,acrylic,,
6,acrylic clear chair,style,chair,,
6,acrylic clear chair,product_type,chair,,
7,driftwood mirror,color,driftwood,,
7,driftwood mirror,material,driftwood,,
7,driftwood mirror,product_type,mirror,,
8,home sweet home sign,color,sweet,,
8,home sweet home sign,product_type,home home sign,,
9,coffee table fire pit,color,coffee,,
9,coffee table fire pit,product_type,coffee table,,
10,king poster bed,product_type,bed,,
11,ombre rug,color,ombre,,
11,ombre rug,product_type,rug,,
12,large spoon and fork wall decor,product_type,large spoon wall decor,,
13,outdoor privacy wall,product_type,outdoor wall,,
14,beds that have leds,material,led,,
14,beds that have leds,product_type,bed,,
15,black 5 drawer dresser by guilford,color,black,,
15,black 5 drawer dresser by guilford,product_type,drawer dresser,,
16,blk 18x18 seat cushions,color,blk,,
16,blk 18x18 seat cushions,product_type,seat cushion,,
17,closet storage with zipper,style,storage,,
17,closet storage with zipper,product_type,closet storage,,
18,chrome bathroom 4 light vanity light,color,chrome,,
18,chrome bathroom 4 light vanity light,product_type,bathroom light vanity light,,
20,foutains with brick look,color,brick,,
21,living curtains pearl,color,living,,
21,living curtains pearl,material,pearl,,
21,living curtains pearl,product_type,living curtain,,
22,light and navy blue decorative pillow,color,light,,
22,light and navy blue decorative pillow,style,decorative,,
22,light and navy blue decorative pillow,product_type,light decorative pillow,,
23,stoneford end tables white and wood,color,white,,
23,stoneford end tables white and wood,material,wood,,
23,stoneford end tables white and wood,product_type,end table,,
24,wood coffee table set by storage,color,wood,,
24,wood coffee table set by storage,material,wood,,
24,wood coffee table set by storage,style,storage,,
24,wood coffee table set by storage,product_type,coffee table storage,,
25,sunflower,color,sunflower,,
26,leather chairs,color,leather,,
26,leather chairs,material,leather,,
26,leather chairs,style,chair,,
26,leather chairs,product_type,chair,,
27,outdoor welcome rug,product_type,outdoor rug,,
28,rooster decor,product_type,decor,,
29,bathroom vanity knobs,product_type,bathroom vanity knob,,
30,3 1/2 inch drawer pull,product_type,drawer pull,,
31,burnt orange curtains,color,burnt,,
31,burnt orange curtains,product_type,curtain,,
32,dark gray dresser,color,dark,,
32,dark gray dresser,product_type,dresser,,
33,non slip shower floor tile,material,non,,
33,non slip shower floor tile,product_type,shower floor tile,,
34,bar stool with backrest,product_type,bar stool,,
35,enclosed shoe rack,product_type,shoe rack,,
36,laundry basket with wheels,product_type,laundry basket,,
37,bar stool 24 inches height,product_type,bar stool,,
38,calvin patio chair,style,chair,,
38,calvin patio chair,product_type,patio chair,,
39,door jewelry organizer,product_type,door jewelry organizer,,
40,elegant executive chair,color,elegant,,
40,elegant executive chair,style,chair,,
40,elegant executive chair,product_type,chair,,
41,closet pull out valet rod,product_type,closet pull rod,,
42,toddler couch fold out,product_type,toddler sofa,,
43,solid teak end table,color,solid,,
43,solid teak end table,material,solid,,
43,solid teak end table,product_type,end table,,
44,chrome shower head and valve,color,chrome,,
44,chrome shower head and valve,product_type,shower head valve,,
45,70s inspired furniture,style,inspired,,
45,70s inspired furniture,product_type,furniture,,
46,beach blue headboard,color,beach,,
46,beach blue headboard,product_type,beach headboard,,
47,porcelain loaf pan,color,porcelain,,
47,porcelain loaf pan,material,porcelain,,
47,porcelain loaf pan,product_type,loaf pan,,
48,arwen table lamp,product_type,table lamp,,
49,moen matte black hooks,color,matte,,
49,moen matte black hooks,product_type,hook,,
50,tufted chair with gold legs,color,gold,,
50,tufted chair with gold legs,style,chair,,
50,tufted chair with gold legs,product_type,chair,,
51,kohen 5 drawer dresser,product_type,drawer dresser,,
52,westling coffee table,color,coffee,,
52,westling coffee table,product_type,coffee table,,
53,carolyn console table,product_type,console table,,
55,tollette teal outdoor rug,color,teal,,
55,tollette teal outdoor rug,product_type,outdoor rug,,
56,royal blue counter height chairs,color,royal,,
56,royal blue counter height chairs,style,chair,,
56,royal blue counter height chairs,product_type,chair,,
57,jordanna solid wood rocking,color,solid,,
57,jordanna solid wood rocking,material,solid,,
57,jordanna solid wood rocking,product_type,rocking,,
58,medium size chandelier,color,medium,,
58,medium size chandelier,material,medium,,
58,medium size chandelier,product_type,size chandelier,,
59,broadway lever,product_type,lever,,
60,capricorn chest,product_type,chest,,
61,overstreet rustic pub stools,color,rustic,,
61,overstreet rustic pub stools,style,rustic,,
61,overstreet rustic pub stools,product_type,pub stool,,
62,7qt slow cooker,product_type,slow cooker,,
65,gnome fairy garden,color,garden,,
65,gnome fairy garden,product_type,garden,,
66,novara pergola,product_type,pergola,,
67,osgood mirror,color,mirror,,
67,osgood mirror,material,mirror,,
67,osgood mirror,product_type,mirror,,
68,nautical platters,color,nautical,,
68,nautical platters,style,nautical,,
68,nautical platters,product_type,platter,,
69,wall sconce with usb port,color,port,,
69,wall sconce with usb port,product_type,wall sconce,,
70,annex dresser,product_type,dresser,,
71,infant girl crib bedding,product_type,crib bedding,,
72,fold in half table,product_type,table,,
73,certified international melamine,color,melamine,,
73,certified international melamine,material,melamine,,
75,sheffield home bath set,product_type,home bath,,
76,46 inch closet door,product_type,closet door,,
78,dorel vanity,product_type,vanity,,
79,palram harmony greenhouses,product_type,greenhouse,,
80,7 draw white dresser,color,white,,
80,7 draw white dresser,product_type,dresser,,
81,orren ellis l shape desk,product_type,desk,,
82,bathroom vanity with counter space,material,space,,
82,bathroom vanity with counter space,product_type,bathroom vanity space,,
83,wall art fiji,product_type,wall art,,
84,full metal bed rose gold,color,metal,,
84,full metal bed rose gold,material,metal,,
84,full metal bed rose gold,product_type,bed,,
85,3/4 size mattress,color,size,,
85,3/4 size mattress,product_type,size mattres,,
86,aloe vera plant pot,material,plant,,
86,aloe vera plant pot,product_type,plant pot,,
87,vlad modular sectional,product_type,sectional,,
88,rose gold lounge,color,rose,,
88,rose gold lounge,product_type,lounge,,
89,whimsical solar lights,color,light,,
89,whimsical solar lights,product_type,light,,
90,filaret outdoor sofa,product_type,outdoor sofa,,
91,industrial pipe dining  table,color,industrial,,
91,industrial pipe dining  table,style,industrial,,
91,industrial pipe dining  table,product_type,dining table,,
92,antique silver entry table,color,antique,,
92,antique silver entry table,material,silver,,
92,antique silver entry table,product_type,entry table,,
93,outdoor sectional dining,product_type,outdoor sectional dining,,
94,kohler whitehaven farmhouse kitchen sink,color,farmhouse,,
94,kohler whitehaven farmhouse kitchen sink,style,farmhouse,,
94,kohler whitehaven farmhouse kitchen sink,product_type,kitchen sink,,
95,entertainment stand end table,product_type,entertainment stand end table,,
96,bar room wall decor,product_type,bar room wall decor,,
97,regner power loom red,color,red,,
98,gracie oaks 62 oller 14 ceiling fan,color,oak,,
98,gracie oaks 62 oller 14 ceiling fan,product_type,ceiling fan,,
99,arched christmas tree,product_type,christma tree,,
100,tufted upholstered bed diamond,color,diamond,,
100,tufted upholstered bed diamond,material,upholstered,,
100,tufted upholstered bed diamond,product_type,bed,,
101,48 in entry table with side by side drawer,color,side,,
101,48 in entry table with side by side drawer,product_type,entry table drawer,,
103,kitchen anti fatigue mats,product_type,kitchen mat,,
104,flour and sugar containers,color,sugar,,
104,flour and sugar containers,product_type,sugar,,
105,outdoor movie screen,product_type,outdoor screen,,
106,bed risers,product_type,bed,,
107,front porch furniture sets,product_type,porch furniture,,
108,ayesha curry kitchen,color,curry,,
108,ayesha curry kitchen,product_type,kitchen,,
109,hillsby oriental rug,product_type,rug,,
110,mila task chair,style,chair,,
110,mila task chair,product_type,chair,,
112,pineapple,color,pineapple,,
113,led light strip,color,light,,
113,led light strip,material,led,,
113,led light strip,product_type,light,,
114,geralyn upholstered storage platform bed,material,upholstered,,
114,geralyn upholstered storage platform bed,style,storage,,
114,geralyn upholstered storage platform bed,product_type,storage bed,,
115,peacock,color,peacock,,
116,brockham solid blackout thermal grommet curtain panels,color,solid,,
116,brockham solid blackout thermal grommet curtain panels,material,solid,,
116,brockham solid blackout thermal grommet curtain panels,product_type,curtain panel,,
117,tall storage cabinet,style,storage,,
117,tall storage cabinet,product_type,storage cabinet,,
118,body pillow case,color,pillow,,
118,body pillow case,product_type,pillow case,,
119,welcome sign,product_type,sign,,
120,zodiac pillow,color,pillow,,
120,zodiac pillow,product_type,pillow,,
121,upholstered bed,material,upholstered,,
121,upholstered bed,product_type,bed,,
122,king size bed,color,size,,
122,king size bed,product_type,size bed,,
123,entrance table,product_type,table,,
124,unique coffee tables,color,coffee,,
124,unique coffee tables,product_type,coffee table,,
125,boho bed frame,color,frame,,
125,boho bed frame,material,frame,,
125,boho bed frame,style,boho,,
125,boho bed frame,product_type,bed frame,,
126,leather dining chairs,color,leather,,
126,leather dining chairs,material,leather,,
126,leather dining chairs,style,chair,,
126,leather dining chairs,product_type,dining chair,,
127,wine bar,color,wine,,
127,wine bar,product_type,wine bar,,
128,block coffee table,color,block,,
128,block coffee table,product_type,coffee table,,
130,entertainment console,product_type,entertainment console,,
131,kids chair,style,chair,,
131,kids chair,product_type,kid chair,,
132,farmhouse cabinet,color,farmhouse,,
132,farmhouse cabinet,style,farmhouse,,
132,farmhouse cabinet,product_type,cabinet,,
133,outdoor light fixtures,color,light,,
133,outdoor light fixtures,product_type,outdoor light fixture,,
134,black hanging bookshelf,color,black,,
134,black hanging bookshelf,product_type,hanging,,
135,low profile loveseat recliner,color,low,,
135,low profile loveseat recliner,product_type,loveseat recliner,,
136,black fluffy stool,color,black,,
136,black fluffy stool,product_type,stool,,
137,orren ellis l shaped desk,product_type,desk,,
138,glass doors for bath,color,glas,,
138,glass doors for bath,material,glas,,
138,glass doors for bath,product_type,glas door bath,,
139,auburn throw pillows,color,auburn,,
139,auburn throw pillows,product_type,throw pillow,,
140,wire basket with dividers,material,wire,,
140,wire basket with dividers,product_type,basket divider,,
141,podium with locking cabinet,product_type,podium cabinet,,
142,kitchen wooden stand,color,wood,,
142,kitchen wooden stand,material,wood,,
142,kitchen wooden stand,product_type,kitchen stand,,
143,queen wingback chair,style,chair,,
143,queen wingback chair,product_type,chair,,
144,rug plum,color,plum,,
144,rug plum,product_type,rug,,
145,liberty hardware francisco,product_type,hardware,,
146,laundry vanity cabinet,product_type,laundry vanity cabinet,,
147,drum picture,product_type,picture,,
148,industrial,color,industrial,,
148,industrial,style,industrial,,
149,mid century modern,color,modern,,
149,mid century modern,style,mid,,
151,leather chair,color,leather,,
151,leather chair,material,leather,,
151,leather chair,style,chair,,
151,leather chair,product_type,chair,,
152,wishbone chair,style,chair,,
152,wishbone chair,product_type,chair,,
153,bohemian,color,bohemian,,
153,bohemian,style,bohemian,,
155,floating bed,product_type,bed,,
156,papasan chair frame only,color,frame,,
156,papasan chair frame only,material,frame,,
156,papasan chair frame only,style,chair,,
156,papasan chair frame only,product_type,chair frame,,
157,velvet chaise,color,velvet,,
157,velvet chaise,material,velvet,,
157,velvet chaise,product_type,chaise,,
158,led nightstand,material,led,,
158,led nightstand,product_type,nightstand,,
160,marble,color,marble,,
160,marble,material,marble,,
161,accent chair recliner,color,accent,,
161,accent chair recliner,style,chair,,
161,accent chair recliner,product_type,accent chair recliner,,
162,turquoise chair,color,turquoise,,
162,turquoise chair,style,chair,,
162,turquoise chair,product_type,chair,,
163,dual monitor stand,product_type,stand,,
164,modern outdoor furniture,color,modern,,
164,modern outdoor furniture,style,modern,,
164,modern outdoor furniture,product_type,outdoor furniture,,
165,kitchen storage shelves,style,storage,,
165,kitchen storage shelves,product_type,kitchen storage shelve,,
166,feather wall art,color,feather,,
166,feather wall art,material,feather,,
166,feather wall art,product_type,wall art,,
167,camper,color,camper,,
169,coffee bar buffet,color,coffee,,
169,coffee bar buffet,product_type,coffee bar buffet,,
170,zen,color,zen,,
171,nectar queen mattress,color,mattres,,
171,nectar queen mattress,product_type,mattres,,
172,picasso,color,picasso,,
173,bedroom accessories,product_type,bedroom accessorie,,
174,star wars rug,color,star,,
174,star wars rug,product_type,rug,,
175,basket planter,product_type,basket planter,,
176,mexican art,product_type,art,,
177,rustic storage cabinet,color,rustic,,
177,rustic storage cabinet,style,rustic,,
177,rustic storage cabinet,product_type,storage cabinet,,
178,almost heaven sauna,color,heaven,,
178,almost heaven sauna,product_type,sauna,,
180,outdoor lounge cushions,product_type,outdoor lounge cushion,,
182,penny round tile,color,round,,
182,penny round tile,product_type,tile,,
183,farmhouse bread box,color,farmhouse,,
183,farmhouse bread box,material,box,,
183,farmhouse bread box,style,farmhouse,,
183,farmhouse bread box,product_type,bread,,
184,sugar canister,color,sugar,,
184,sugar canister,product_type,sugar canister,,
185,lunch bag,product_type,bag,,
186,board game storage cabinet,material,board,,
186,board game storage cabinet,style,storage,,
186,board game storage cabinet,product_type,board game storage cabinet,,
188,"bedroom wall decor floral, multicolored with some teal (prints)",color,floral,,
188,"bedroom wall decor floral, multicolored with some teal (prints)",material,floral,,
188,"bedroom wall decor floral, multicolored with some teal (prints)",product_type,bedroom wall decor floral,,
189,big basket for dirty cloths,color,big,,
189,big basket for dirty cloths,material,cloth,,
189,big basket for dirty cloths,product_type,basket,,
190,benjiamino faux leather power lift chair,color,faux,,
190,benjiamino faux leather power lift chair,material,faux,,
190,benjiamino faux leather power lift chair,style,chair,,
190,benjiamino faux leather power lift chair,product_type,faux chair,,
191,biycicle plant stands,material,plant,,
191,biycicle plant stands,product_type,plant stand,,
193,belchertown table lamp,product_type,table lamp,,
194,black frame 22 x 36,color,black,,
194,black frame 22 x 36,material,frame,,
194,black frame 22 x 36,product_type,frame,,
195,black freestanding tub  with faucet,color,black,,
195,black freestanding tub  with faucet,product_type,tub faucet,,
196,chabely 5 draw chest,product_type,chest,,
197,desk for kids tjat ate 10 year old,color,old,,
197,desk for kids tjat ate 10 year old,product_type,desk kid,,
198,cake plates with tops,color,top,,
198,cake plates with tops,material,plate,,
198,cake plates with tops,style,top,,
198,cake plates with tops,product_type,cake plate top,,
199,blue faux throw with pillows,color,blue,,
199,blue faux throw with pillows,material,faux,,
199,blue faux throw with pillows,product_type,faux throw pillow,,
200,ceramic tile sea shell,color,sea,,
200,ceramic tile sea shell,material,ceramic,,
200,ceramic tile sea shell,product_type,tile,,
201,delta trinsic double towel hook in champagne bronze,color,champagne,,
201,delta trinsic double towel hook in champagne bronze,material,bronze,,
201,delta trinsic double towel hook in champagne bronze,product_type,towel hook champagne,,
202,full mattress padded liner,color,mattres,,
202,full mattress padded liner,product_type,mattres,,
203,ge top loading washer 4.5,color,top,,
203,ge top loading washer 4.5,style,top,,
203,ge top loading washer 4.5,product_type,top washer,,
204,fleur de lis living candle wall sconce bronze,color,living,,
204,fleur de lis living candle wall sconce bronze,material,bronze,,
204,fleur de lis living candle wall sconce bronze,product_type,living candle wall sconce,,
205,ines shag rug w003096809,style,shag,,
205,ines shag rug w003096809,product_type,rug,,
206,grill cover 73,product_type,grill cover,,
207,dull bed with shirt head board,color,dull,,
207,dull bed with shirt head board,material,shirt,,
207,dull bed with shirt head board,product_type,bed head board,,
208,"fawkes 36"" blue vanity",color,blue,,
208,"fawkes 36"" blue vanity",product_type,vanity,,
209,door pulls bronze matte 4 inch,color,bronze,,
209,door pulls bronze matte 4 inch,material,bronze,,
209,door pulls bronze matte 4 inch,product_type,door pull,,
210,love seat wide faux leather tuxedo arm sofa,color,faux,,
210,love seat wide faux leather tuxedo arm sofa,material,faux,,
210,love seat wide faux leather tuxedo arm sofa,product_type,seat faux sofa,,
211,memory foam rug galveston,color,foam,,
211,memory foam rug galveston,material,memory,,
211,memory foam rug galveston,product_type,memory foam rug,,
212,nettie 5 pc bar set,product_type,bar,,
213,kraus kitchen sink faucet oletto kpf 2820 sfs,product_type,kitchen sink faucet,,
214,light wood nightstand with silver accents,color,light,,
214,light wood nightstand with silver accents,material,wood,,
214,light wood nightstand with silver accents,product_type,light nightstand accent,,
215,king adjustable bed including mattress,color,mattres,,
215,king adjustable bed including mattress,product_type,adjustable bed mattres,,
216,music plug wall plate,material,plate,,
216,music plug wall plate,product_type,wall plate,,
218,wand bunk beds,product_type,bed,,
219,trinaic towel rod,product_type,towel rod,,
220,sheets for twinxl,product_type,sheet,,
221,small space dining table and chairs sets,material,space,,
221,small space dining table and chairs sets,style,chair,,
221,small space dining table and chairs sets,product_type,space dining table chair,,
223,wisdom stone river 3-3/4,color,stone,,
223,wisdom stone river 3-3/4,material,stone,,
223,wisdom stone river 3-3/4,product_type,stone,,
224,twin over full bunk beds cool desins,color,cool,,
224,twin over full bunk beds cool desins,material,over,,
224,twin over full bunk beds cool desins,product_type,bed,,
225,white splashproof shiplap wallpaper,color,white,,
225,white splashproof shiplap wallpaper,product_type,wallpaper,,
226,power lift chair,style,chair,,
226,power lift chair,product_type,chair,,
229,waterfall faucet,product_type,faucet,,
230,gold,color,gold,,
231,anti fatigue mat,product_type,mat,,
232,storage dresser,style,storage,,
232,storage dresser,product_type,storage dresser,,
233,kelly clarkson light fixtures,color,kelly,,
233,kelly clarkson light fixtures,product_type,light fixture,,
234,artificial orchid arrangement,color,orchid,,
234,artificial orchid arrangement,material,artificial,,
235,bathroom wastebasket,product_type,bathroom,,
236,3 piece rug set with runners,product_type,rug,,
237,cloud modular sectional,color,cloud,,
237,cloud modular sectional,product_type,sectional,,
238,outdoor seat/back cushion,color,back,,
238,outdoor seat/back cushion,product_type,outdoor seat cushion,,
239,bathroom single faucet,product_type,bathroom single faucet,,
240,eiffel tower wall art,color,eiffel,,
240,eiffel tower wall art,product_type,tower wall art,,
241,decorative wall clocks,style,decorative,,
241,decorative wall clocks,product_type,decorative wall clock,,
242,accent leather chair,color,accent,,
242,accent leather chair,material,leather,,
242,accent leather chair,style,chair,,
242,accent leather chair,product_type,accent chair,,
243,indoor multi tiered plant stand,color,multi,,
243,indoor multi tiered plant stand,material,plant,,
243,indoor multi tiered plant stand,product_type,indoor multi plant stand,,
244,pull out sleeper loveseat,product_type,pull loveseat,,
245,anchor decor,product_type,decor,,
246,clear shower curtain,color,clear,,
246,clear shower curtain,product_type,shower curtain,,
247,beaded curtains,product_type,curtain,,
248,surge protector,product_type,protector,,
249,bistro table and chairs,style,chair,,
249,bistro table and chairs,product_type,table chair,,
250,multi color rug,color,multi,,
250,multi color rug,product_type,multi color rug,,
251,coffee container,color,coffee,,
251,coffee container,product_type,coffee,,
252,accent chairs living room,color,accent,,
252,accent chairs living room,style,chair,,
252,accent chairs living room,product_type,accent chair living room,,
253,antique brass faucet,color,antique,,
253,antique brass faucet,material,bras,,
253,antique brass faucet,product_type,faucet,,
254,comfortable accent chair,color,accent,,
254,comfortable accent chair,style,chair,,
254,comfortable accent chair,product_type,accent chair,,
255,desk and chair set,style,chair,,
255,desk and chair set,product_type,desk chair,,
256,high weight capacity bunk beds,color,high,,
256,high weight capacity bunk beds,material,high,,
256,high weight capacity bunk beds,product_type,bed,,
257,living room coffee table sets,color,living,,
257,living room coffee table sets,product_type,living room coffee table,,
258,breakfast bar table,product_type,bar table,,
259,nursery end table,product_type,nursery end table,,
260,retractable side awning,color,side,,
260,retractable side awning,product_type,awning,,
261,semi flush foyer light,color,semi,,
261,semi flush foyer light,product_type,flush light,,
262,bathroom freestanding cabinet,product_type,bathroom cabinet,,
263,small curtain rods,product_type,curtain rod,,
264,cortez pillow,color,pillow,,
264,cortez pillow,product_type,pillow,,
265,candace wingback upholstered bed,material,upholstered,,
265,candace wingback upholstered bed,product_type,bed,,
266,champagne velvet desk chair,color,champagne,,
266,champagne velvet desk chair,material,velvet,,
266,champagne velvet desk chair,style,chair,,
266,champagne velvet desk chair,product_type,champagne desk chair,,
267,dolomite subway tile,color,dolomite,,
267,dolomite subway tile,material,dolomite,,
267,dolomite subway tile,product_type,tile,,
268,betty resin free standing umbrella,color,resin,,
268,betty resin free standing umbrella,material,resin,,
268,betty resin free standing umbrella,product_type,umbrella,,
269,donaldson teak couch,color,teak,,
269,donaldson teak couch,material,teak,,
269,donaldson teak couch,product_type,sofa,,
270,edge chair mat,color,edge,,
270,edge chair mat,style,chair,,
270,edge chair mat,product_type,chair mat,,
271,chinese flower stand,color,chinese,,
271,chinese flower stand,product_type,stand,,
273,stainless steel free standing shower caddy,color,stainles,,
273,stainless steel free standing shower caddy,material,stainles,,
273,stainless steel free standing shower caddy,product_type,shower,,
274,gowdy height adjustable standing desk,product_type,adjustable desk,,
275,hinged square ottoman,color,square,,
275,hinged square ottoman,product_type,ottoman,,
276,chaves l-shape floating desk with hutch,product_type,desk,,
277,barstool patio sets,product_type,patio,,
278,parakeet toy,material,toy,,
278,parakeet toy,product_type,toy,,
279,marlon tufted queen bed,product_type,bed,,
280,johan desk by laurel foundry,color,laurel,,
280,johan desk by laurel foundry,product_type,desk,,
281,brunk ship wheel,color,ship,,
282,grantola wall mirror,color,mirror,,
282,grantola wall mirror,material,mirror,,
282,grantola wall mirror,product_type,wall mirror,,
283,gaia driftwood table,color,driftwood,,
283,gaia driftwood table,material,driftwood,,
283,gaia driftwood table,product_type,table,,
284,family lamp,product_type,lamp,,
285,"48"" sliding single track , barn door for laundry",color,barn,,
285,"48"" sliding single track , barn door for laundry",product_type,single track barn door laundry,,
286,hitchcock mid-century wall shelf,style,mid,,
286,hitchcock mid-century wall shelf,product_type,wall,,
287,cover set for outdoor furniture,product_type,cover outdoor furniture,,
288,round outdoor patio cover,color,round,,
288,round outdoor patio cover,product_type,outdoor patio cover,,
289,coma inducer comforter king set,material,comforter,,
289,coma inducer comforter king set,product_type,comforter,,
290,mission double vanity,style,mission,,
290,mission double vanity,product_type,vanity,,
291,front door cabinet with doors,product_type,door cabinet door,,
292,decorative white pillow,color,white,,
292,decorative white pillow,style,decorative,,
292,decorative white pillow,product_type,decorative pillow,,
293,wood floor protector mat,color,wood,,
293,wood floor protector mat,material,wood,,
293,wood floor protector mat,product_type,floor protector mat,,
294,moen multi function dual shower head,color,multi,,
294,moen multi function dual shower head,product_type,multi shower head,,
295,end table between recliners,product_type,end table recliner,,
297,seat cushions desk,product_type,seat cushion desk,,
298,small woven pouf,color,woven,,
298,small woven pouf,material,woven,,
300,animal print handmade tufted wool beige/black area rug by allmodern,color,beige,,
300,animal print handmade tufted wool beige/black area rug by allmodern,material,wool,,
300,animal print handmade tufted wool beige/black area rug by allmodern,style,animal,,
300,animal print handmade tufted wool beige/black area rug by allmodern,product_type,area rug,,
301,circle cabinet pulls,product_type,cabinet pull,,
302,mattress foam topper queen,color,mattres,,
302,mattress foam topper queen,material,foam,,
302,mattress foam topper queen,product_type,mattres foam topper,,
303,hawaii vintage art,color,vintage,,
303,hawaii vintage art,style,vintage,,
303,hawaii vintage art,product_type,art,,
305,ligth bulb,product_type,bulb,,
306,mobley zero gravity adjustable bed with wireless remote,product_type,adjustable bed,,
307,real touch roses floral arrangements in glass vase,color,real,,
307,real touch roses floral arrangements in glass vase,material,floral,,
307,real touch roses floral arrangements in glass vase,product_type,floral glas vase,,
308,led 60,material,led,,
309,moen 5995 arbor one,color,one,,
309,moen 5995 arbor one,product_type,arbor,,
310,meade mirror,color,mirror,,
310,meade mirror,material,mirror,,
310,meade mirror,product_type,mirror,,
311,odum velvet,color,velvet,,
311,odum velvet,material,velvet,,
312,coat rack for bedroom,color,coat,,
312,coat rack for bedroom,product_type,coat rack bedroom,,
314,body pillow and case,color,pillow,,
314,body pillow and case,product_type,pillow case,,
315,medium clips,color,medium,,
315,medium clips,material,medium,,
315,medium clips,product_type,clip,,
316,rolande heavy duty power lift assist recliner,material,heavy,,
316,rolande heavy duty power lift assist recliner,product_type,recliner,,
317,hulmeville writing desk with hutch,product_type,desk,,
318,sunjoy lantern,product_type,lantern,,
319,landis wall mounted bathroom shelves,product_type,wall mounted bathroom shelve,,
320,blaylock bookcase headboard,product_type,bookcase headboard,,
321,hussain handmade tufted magenta rug,color,magenta,,
321,hussain handmade tufted magenta rug,product_type,rug,,
322,cream queen duvet cover,color,cream,,
322,cream queen duvet cover,product_type,duvet cover,,
323,hub leaning full length mirror,color,mirror,,
323,hub leaning full length mirror,material,mirror,,
323,hub leaning full length mirror,product_type,mirror,,
324,chase utility laundry cart,product_type,laundry cart,,
325,outdoor waterproof chest,product_type,outdoor chest,,
326,bowersville ladder writing desk,product_type,desk,,
327,kohler purist brushed bronze,color,brushed,,
327,kohler purist brushed bronze,material,brushed,,
328,golub dining table,product_type,dining table,,
329,wayfair tension rod,product_type,rod,,
331,upholstered girls bed,material,upholstered,,
331,upholstered girls bed,product_type,bed,,
332,attleboro drum coffee table,color,coffee,,
332,attleboro drum coffee table,product_type,coffee table,,
333,stainless steel colander set,color,stainles,,
333,stainless steel colander set,material,stainles,,
333,stainless steel colander set,product_type,colander,,
336,mystic swivel,color,mystic,,
337,iittala bowl,product_type,bowl,,
338,mahone porch rocking chair,style,chair,,
338,mahone porch rocking chair,product_type,porch rocking chair,,
339,ruckus chair,style,chair,,
339,ruckus chair,product_type,chair,,
340,berenice 4 storage cabinet,style,storage,,
340,berenice 4 storage cabinet,product_type,storage cabinet,,
341,canvas map art,color,canva,,
341,canvas map art,material,canva,,
341,canvas map art,product_type,map art,,
342,brendon counter stool,product_type,stool,,
343,navy and peach bedding,color,navy,,
343,navy and peach bedding,product_type,bedding,,
344,ottoman bed queen,product_type,ottoman bed,,
345,oriental vanity,product_type,vanity,,
346,nesting tray set,color,tray,,
346,nesting tray set,product_type,tray,,
347,olive green console table,color,olive,,
347,olive green console table,product_type,console table,,
348,one alium way,color,one,,
349,mud room sign,product_type,room sign,,
351,white bathroom vanity black hardware,color,white,,
351,white bathroom vanity black hardware,product_type,bathroom vanity hardware,,
353,pennfield playhouse,product_type,playhouse,,
354,tressler rug,product_type,rug,,
356,platform bed side table,color,side,,
356,platform bed side table,product_type,bed table,,
357,tall free standing pet gate,material,free,,
357,tall free standing pet gate,product_type,pet gate,,
358,sliding closet mirror,color,mirror,,
358,sliding closet mirror,material,mirror,,
358,sliding closet mirror,product_type,closet mirror,,
359,french molding,color,french,,
359,french molding,style,french,,
359,french molding,product_type,molding,,
360,huntsville sectional sofa,product_type,sectional sofa,,
362,brushed gold wall decor,color,brushed,,
362,brushed gold wall decor,material,brushed,,
362,brushed gold wall decor,product_type,wall decor,,
363,fortunat coffee table,color,coffee,,
363,fortunat coffee table,product_type,coffee table,,
365,gas detector,product_type,gas detector,,
367,wooden chair outdoor,color,wood,,
367,wooden chair outdoor,material,wood,,
367,wooden chair outdoor,style,chair,,
367,wooden chair outdoor,product_type,chair outdoor,,
368,pasta tools,product_type,pasta tool,,
369,wrought tv stand,material,wrought,,
369,wrought tv stand,product_type,stand,,
370,rug for teen room,style,teen,,
370,rug for teen room,product_type,rug teen room,,
371,milk cow chair,color,milk,,
371,milk cow chair,style,chair,,
371,milk cow chair,product_type,milk chair,,
373,togo chair,style,chair,,
373,togo chair,product_type,chair,,
374,sinks bed frame,color,frame,,
374,sinks bed frame,material,frame,,
374,sinks bed frame,product_type,sink bed frame,,
375,pastel pink desk chair,color,pastel,,
375,pastel pink desk chair,style,chair,,
375,pastel pink desk chair,product_type,desk chair,,
376,island estate coffee table,color,estate,,
376,island estate coffee table,product_type,island coffee table,,
377,glinda upholstered bench,material,upholstered,,
378,cliffside 5 light candle style drum chandelier,color,light,,
378,cliffside 5 light candle style drum chandelier,style,style,,
378,cliffside 5 light candle style drum chandelier,product_type,light candle chandelier,,
379,urban outfitters duvet,color,urban,,
379,urban outfitters duvet,style,urban,,
379,urban outfitters duvet,product_type,duvet,,
380,gravity feeder,product_type,feeder,,
381,farmhouse hood vent,color,farmhouse,,
381,farmhouse hood vent,style,farmhouse,,
381,farmhouse hood vent,product_type,hood,,
382,counter top one cup hot water dispenser,color,top,,
382,counter top one cup hot water dispenser,material,water,,
382,counter top one cup hot water dispenser,style,top,,
382,counter top one cup hot water dispenser,product_type,top cup hot water dispenser,,
384,dining table vinyl cloth,color,vinyl,,
384,dining table vinyl cloth,material,vinyl,,
384,dining table vinyl cloth,product_type,dining table vinyl,,
385,mom urn,product_type,urn,,
386,alter furniture,product_type,furniture,,
387,self enclosed planters,product_type,planter,,
388,outdoor sectional doning,product_type,outdoor sectional,,
389,brush nickel faucet bathroom,color,nickel,,
389,brush nickel faucet bathroom,material,nickel,,
389,brush nickel faucet bathroom,product_type,faucet bathroom,,
390,cushion replacement insert,product_type,cushion replacement,,
391,"writing desk 48""",product_type,desk,,
392,china clock,color,china,,
392,china clock,material,china,,
392,china clock,product_type,china clock,,
393,propane gas dryer,product_type,gas dryer,,
394,gray leather cocktail table,color,gray,,
394,gray leather cocktail table,material,leather,,
394,gray leather cocktail table,product_type,cocktail table,,
395,pantry grey,color,gray,,
395,pantry grey,product_type,pantry,,
396,alyse 8 light,color,light,,
396,alyse 8 light,product_type,light,,
397,maryford queen tufted bed,product_type,bed,,
398,super bright lights,color,super,,
398,super bright lights,product_type,light,,
399,12v dirt bike,product_type,bike,,
400,small ladies rocker swivel recliner,product_type,rocker recliner,,
401,glass lsmp shades,color,glas,,
401,glass lsmp shades,material,glas,,
401,glass lsmp shades,product_type,glas shade,,
402,modern farmhouse lighting semi flush mount,color,modern,,
402,modern farmhouse lighting semi flush mount,style,modern,,
402,modern farmhouse lighting semi flush mount,product_type,lighting flush mount,,
403,wood rack wide,color,wood,,
403,wood rack wide,material,wood,,
403,wood rack wide,product_type,rack,,
404,large cushion outdoor chair,style,chair,,
404,large cushion outdoor chair,product_type,large cushion outdoor chair,,
405,queen ann style living room chair,color,living,,
405,queen ann style living room chair,style,style,,
405,queen ann style living room chair,product_type,living room chair,,
406,refrigerator with ice an water in door,color,ice,,
406,refrigerator with ice an water in door,material,ice,,
406,refrigerator with ice an water in door,product_type,refrigerator ice water door,,
407,huge bookcase,product_type,bookcase,,
408,girl reading statue,product_type,statue,,
409,teal chair,color,teal,,
409,teal chair,style,chair,,
409,teal chair,product_type,chair,,
410,pool floats,color,pool,,
411,outdoor clock,product_type,outdoor clock,,
412,jennie tufted upholstered low profile platform bed,color,low,,
412,jennie tufted upholstered low profile platform bed,material,upholstered,,
412,jennie tufted upholstered low profile platform bed,product_type,bed,,
413,burruss patio sectional with cushions,product_type,patio sectional cushion,,
414,shower hooks,product_type,shower hook,,
415,toilet paper stand,material,paper,,
415,toilet paper stand,product_type,toilet paper stand,,
416,wayfair coffee table,color,coffee,,
416,wayfair coffee table,product_type,coffee table,,
417,twin bed frame,color,frame,,
417,twin bed frame,material,frame,,
417,twin bed frame,product_type,bed frame,,
418,writing desk,product_type,desk,,
419,living room ideas,color,living,,
419,living room ideas,product_type,living room,,
420,tile backsplash,product_type,tile backsplash,,
421,dining room tables,product_type,dining room table,,
422,ergonomic chair,style,chair,,
422,ergonomic chair,product_type,ergonomic chair,,
423,wall shelves,product_type,wall shelve,,
424,wayfair comforters,material,comforter,,
424,wayfair comforters,product_type,comforter,,
425,side table with storage,color,side,,
425,side table with storage,style,storage,,
425,side table with storage,product_type,table storage,,
426,outdoor storage,style,storage,,
426,outdoor storage,product_type,outdoor storage,,
427,lowes tile,product_type,tile,,
428,kitchen storage cabinet,style,storage,,
428,kitchen storage cabinet,product_type,kitchen storage cabinet,,
429,gray dresser,color,gray,,
429,gray dresser,product_type,dresser,,
430,30 inch bathroom vanity,product_type,bathroom vanity,,
431,shoe bench entryway,product_type,shoe,,
432,butcher block island,color,butcher,,
432,butcher block island,product_type,island,,
433,trundle daybed,product_type,daybed,,
434,bathroom lighting,product_type,bathroom lighting,,
435,shoe closet,product_type,shoe closet,,
436,full bed with trundle,product_type,bed,,
437,kitchen islands with seating,product_type,kitchen island seating,,
438,indoor water fountain,color,water,,
438,indoor water fountain,material,water,,
438,indoor water fountain,product_type,indoor water fountain,,
439,parsons chairs,style,chair,,
439,parsons chairs,product_type,chair,,
440,wood bar stools,color,wood,,
440,wood bar stools,material,wood,,
440,wood bar stools,product_type,bar stool,,
441,desk for kids,product_type,desk kid,,
442,above toilet cabinet,product_type,toilet cabinet,,
443,patio design,product_type,patio,,
444,outdoor lounge chair,style,chair,,
444,outdoor lounge chair,product_type,outdoor lounge chair,,
445,chaise lounge couch,product_type,chaise lounge sofa,,
446,card table,product_type,card table,,
447,tall buffet cabinet,product_type,buffet cabinet,,
448,bed side table,color,side,,
448,bed side table,product_type,bed table,,
449,living room designs,color,living,,
449,living room designs,product_type,living room,,
451,aiden black velvet bed,color,black,,
451,aiden black velvet bed,material,velvet,,
451,aiden black velvet bed,product_type,bed,,
452,day bed indian,product_type,bed,,
453,midcentury tv unit,product_type,unit,,
454,carpet 5x6,product_type,carpet,,
455,deer coat hooks,color,coat,,
455,deer coat hooks,product_type,coat hook,,
456,wall design shelf,product_type,wall,,
457,5 gang light switch,color,light,,
457,5 gang light switch,product_type,light,,
458,bubble guppies chair,color,bubble,,
458,bubble guppies chair,style,chair,,
458,bubble guppies chair,product_type,chair,,
459,tye dye duvet cover,product_type,duvet cover,,
460,small wardrobe grey,color,gray,,
460,small wardrobe grey,product_type,wardrobe,,
461,luau string lights,color,light,,
461,luau string lights,product_type,string light,,
462,large bases,product_type,large base,,
463,bistro sets patio,product_type,patio,,
464,cake cutlery,product_type,cake,,
465,white abstract,color,white,,
466,rock climbing wall kids,color,rock,,
466,rock climbing wall kids,product_type,climbing wall kid,,
467,town & country living curtains,color,country,,
467,town & country living curtains,style,country,,
467,town & country living curtains,product_type,living curtain,,
468,glow in the dark silent wall clock,color,glow,,
468,glow in the dark silent wall clock,product_type,wall clock,,
469,garage sports storage rack,style,garage,,
469,garage sports storage rack,product_type,garage sport storage rack,,
470,elephant framed,color,framed,,
471,adjustable height artist stool,product_type,adjustable stool,,
472,window wall accent,color,accent,,
472,window wall accent,product_type,wall accent,,
473,chair pillow cushion,color,pillow,,
473,chair pillow cushion,style,chair,,
473,chair pillow cushion,product_type,chair pillow cushion,,
474,48 inch bathroom vanity with trough sink,product_type,bathroom vanity sink,,
475,rattan truck,color,rattan,,
475,rattan truck,material,rattan,,
476,hardwood beds,material,hardwood,,
476,hardwood beds,product_type,hardwood bed,,
478,worn leather office chair,color,worn,,
478,worn leather office chair,material,leather,,
478,worn leather office chair,style,worn,,
478,worn leather office chair,product_type,office chair,,
479,garage door mail slot,style,garage,,
479,garage door mail slot,product_type,garage door,,
480,pictures to hang over fireplace,material,over,,
480,pictures to hang over fireplace,product_type,picture fireplace,,
481,emma headboard,product_type,headboard,,
482,48 inch kitchen hood,product_type,kitchen hood,,
483,rustic twig,color,rustic,,
483,rustic twig,material,twig,,
483,rustic twig,style,rustic,,
485,pedistole sink,product_type,sink,,
486,54 in bench cushion,product_type,cushion,,
487,rack glass,color,glas,,
487,rack glass,material,glas,,
487,rack glass,product_type,rack glas,,
